{"cleanPoint":{"x":6.3460001945495609,"y":0.38999998569488528,"z":0.0},"x":[-9.333333015441895,-1.5,-1.5,-1.166666030883789,0.0,0.0,-9.333333015441895,-1.5,-1.166666030883789,0.0,-9.333333015441895,-0.33333301544189455,0.0,0.0,-0.33333301544189455,1.6666667461395264,1.6666667461395264,9.333333969116211,0.0,0.0,1.3333333730697632,1.3333333730697632,1.6666667461395264,9.333333969116211,9.333333969116211,0.0,0.0,0.5,0.5,0.0,0.0,0.0,-1.166666030883789,-1.5,-1.5,-9.333333015441895,0.0,-1.166666030883789,-1.5,-9.333333015441895,-9.333333015441895,0.0,0.0,-0.33333301544189455,-0.33333301544189455,0.0,0.5,0.5,0.0,9.333333969116211,1.6666667461395264,1.6666667461395264,1.1666667461395264,0.0,0.0,9.333333969116211,1.6666667461395264,1.1666667461395264,0.0,9.333333969116211],"y":[0.08333337306976319,0.08333337306976319,0.08333337306976319,0.08333337306976319,0.08333337306976319,0.08333337306976319,0.08333337306976319,0.08333337306976319,0.08333337306976319,0.08333337306976319,0.08333337306976319,1.0833334922790528,1.0833334922790528,1.0833334922790528,1.0833334922790528,0.08333337306976319,0.08333337306976319,0.08333337306976319,0.08333337306976319,0.08333337306976319,0.08333337306976319,0.08333337306976319,0.08333337306976319,0.08333337306976319,0.08333337306976319,0.08333337306976319,1.0833334922790528,1.0833334922790528,1.0833334922790528,1.0833334922790528,0.08333337306976319,0.08333337306976319,0.08333337306976319,0.08333337306976319,0.08333337306976319,0.08333337306976319,0.08333337306976319,0.08333337306976319,0.08333337306976319,0.08333337306976319,0.08333337306976319,1.0833334922790528,1.0833334922790528,1.0833334922790528,1.0833334922790528,1.0833334922790528,1.0833334922790528,1.0833334922790528,1.0833334922790528,0.08333337306976319,0.08333337306976319,0.08333337306976319,0.08333337306976319,0.08333337306976319,0.08333337306976319,0.08333337306976319,0.08333337306976319,0.08333337306976319,0.08333337306976319,0.08333337306976319],"z":[0.0,0.0,-1.166666030883789,-1.5,-1.5,-9.333333015441895,0.0,-1.166666030883789,-1.5,-9.333333015441895,-9.333333015441895,0.0,0.0,-0.33333301544189455,-0.33333301544189455,-1.166666030883789,0.0,0.0,-9.333333015441895,-1.5,-1.5,-1.5,-1.166666030883789,0.0,-9.333333015441895,-9.333333015441895,0.0,0.0,-0.33333301544189455,-0.33333301544189455,9.333333969116211,1.6666667461395264,1.6666667461395264,1.3333333730697632,0.0,0.0,9.333333969116211,1.6666667461395264,1.3333333730697632,0.0,9.333333969116211,0.5,0.0,0.0,0.5,0.5,0.5,0.0,0.0,0.0,0.0,1.1666667461395264,1.6666667461395264,1.6666667461395264,9.333333969116211,0.0,1.1666667461395264,1.6666667461395264,9.333333969116211,9.333333969116211],"indices":[0,1,2,3,4,5,6,7,8,6,8,9,6,9,10,11,12,13,11,13,14,15,16,17,18,19,20,21,22,23,21,23,24,21,24,25,26,27,28,26,28,29,30,31,32,33,34,35,36,37,38,36,38,39,36,39,40,41,42,43,41,43,44,45,46,47,45,47,48,49,50,51,52,53,54,55,56,57,55,57,58,55,58,59],"finalVertexCount":20,"finalTriangleCount":20,"finalIndicesCount":60}